縣市別代碼,測站名稱,測站代號,民國年,月,日,總懸浮微粒_μg/m3
66000,梧棲衛生所,3409110A0005,111,1,7,130.6
66000,梧棲衛生所,3409110A0005,111,1,27,105.6
66000,霧峰線路中心,3410310A0015,111,1,7,39
66000,霧峰線路中心,3410310A0015,111,1,27,73.2
66000,文山國小,3432410A0011,111,1,7,40.2
66000,文山國小,3432410A0011,111,1,27,59.7
66000,中山國小,3408710A0013,111,1,7,14.5
66000,中山國小,3408710A0013,111,1,27,30.1
66000,梧棲衛生所,3409110A0005,111,2,10,71.5
66000,梧棲衛生所,3409110A0005,111,2,25,150.2
66000,霧峰線路中心,3410310A0015,111,2,10,38.3
66000,霧峰線路中心,3410310A0015,111,2,25,50.2
66000,文山國小,3432410A0011,111,2,10,25.5
66000,文山國小,3432410A0011,111,2,25,32.2
66000,中山國小,3408710A0013,111,2,10,11.4
66000,中山國小,3408710A0013,111,2,25,20.2
66000,梧棲衛生所,3409110A0005,111,3,10,74.6
66000,梧棲衛生所,3409110A0005,111,3,29,97
66000,霧峰線路中心,3410310A0015,111,3,10,76.1
66000,霧峰線路中心,3410310A0015,111,3,29,83.2
66000,文山國小,3432410A0011,111,3,10,59.2
66000,文山國小,3432410A0011,111,3,29,80.7
66000,中山國小,3408710A0013,111,3,10,26.3
66000,中山國小,3408710A0013,111,3,29,45.1
66000,梧棲衛生所,3409110A0005,111,4,11,70.6
66000,梧棲衛生所,3409110A0005,111,4,28,74.1
66000,霧峰線路中心,3410310A0015,111,4,11,73.7
66000,霧峰線路中心,3410310A0015,111,4,28,50.9
66000,文山國小,3432410A0011,111,4,11,72
66000,文山國小,3432410A0011,111,4,28,48.7
66000,中山國小,3408710A0013,111,4,11,56.1
66000,梧棲衛生所,3409110A0005,111,5,10,26.8
66000,梧棲衛生所,3409110A0005,111,5,27,54
66000,霧峰線路中心,3410310A0015,111,5,10,45.1
66000,霧峰線路中心,3410310A0015,111,5,27,32.3
66000,文山國小,3432410A0011,111,5,10,20
66000,文山國小,3432410A0011,111,5,27,45.8
66000,梧棲衛生所,3409110A0005,111,6,10,41.9
66000,梧棲衛生所,3409110A0005,111,6,24,35.6
66000,霧峰線路中心,3410310A0015,111,6,10,27
66000,霧峰線路中心,3410310A0015,111,6,24,12.9
66000,文山國小,3432410A0011,111,6,10,29.7
66000,文山國小,3432410A0011,111,6,24,33.5
66000,梧棲衛生所,3409110A0005,111,7,8,38.1
66000,梧棲衛生所,3409110A0005,111,7,25,33.7
66000,霧峰線路中心,3410310A0015,111,7,8,35.9
66000,霧峰線路中心,3410310A0015,111,7,25,31.1
66000,文山國小,3432410A0011,111,7,8,28
66000,文山國小,3432410A0011,111,7,25,26.8
66000,梧棲衛生所,3409110A0005,111,8,12,22.2
66000,梧棲衛生所,3409110A0005,111,8,26,133.2
66000,霧峰線路中心,3410310A0015,111,8,12,24.8
66000,霧峰線路中心,3410310A0015,111,8,26,33.1
66000,文山國小,3432410A0011,111,8,12,19.7
66000,文山國小,3432410A0011,111,8,26,35.4
66000,梧棲衛生所,3409110A0005,111,9,8,90
66000,梧棲衛生所,3409110A0005,111,9,26,113.1
66000,霧峰線路中心,3410310A0015,111,9,8,62.8
66000,霧峰線路中心,3410310A0015,111,9,26,65.6
66000,文山國小,3432410A0011,111,9,8,63.5
66000,文山國小,3432410A0011,111,9,26,63.2
66000,梧棲衛生所,3409110A0005,111,10,13,116.8
66000,梧棲衛生所,3409110A0005,111,10,28,97.7
66000,霧峰線路中心,3410310A0015,111,10,13,72.3
66000,霧峰線路中心,3410310A0015,111,10,28,61.1
66000,文山國小,3432410A0011,111,10,13,68.7
66000,文山國小,3432410A0011,111,10,28,42.7
66000,梧棲衛生所,3409110A0005,111,11,4,98.9
66000,梧棲衛生所,3409110A0005,111,11,25,48.9
66000,霧峰線路中心,3410310A0015,111,11,4,52
66000,霧峰線路中心,3410310A0015,111,11,25,64.7
66000,文山國小,3432410A0011,111,11,4,31.9
66000,文山國小,3432410A0011,111,11,25,40.4
66000,中山國小,3408710A0013,111,11,25,33.5
66000,梧棲衛生所,3409110A0005,111,12,9,76.4
66000,梧棲衛生所,3409110A0005,111,12,23,91.2
66000,霧峰線路中心,3410310A0015,111,12,9,38.7
66000,霧峰線路中心,3410310A0015,111,12,23,29.8
66000,文山國小,3432410A0011,111,12,9,68.6
66000,文山國小,3432410A0011,111,12,23,33.6
66000,中山國小,3408710A0013,111,12,9,13.5
66000,中山國小,3408710A0013,111,12,23,5.5
66000,梧棲衛生所,3409110A0005,112,1,6,108.7
66000,梧棲衛生所,3409110A0005,112,1,30,87.5
66000,霧峰線路中心,3410310A0015,112,1,6,96.8
66000,霧峰線路中心,3410310A0015,112,1,30,75.6
66000,文山國小,3432410A0011,112,1,6,81.8
66000,文山國小,3432410A0011,112,1,30,86.8
66000,中山國小,3408710A0013,112,1,6,10.4
66000,中山國小,3408710A0013,112,1,30,47.9
66000,梧棲衛生所,3409110A0005,112,2,8,118.5
66000,梧棲衛生所,3409110A0005,112,2,24,102.4
66000,霧峰線路中心,3410310A0015,112,2,8,48.4
66000,霧峰線路中心,3410310A0015,112,2,24,89.4
66000,文山國小,3432410A0011,112,2,8,51.5
66000,文山國小,3432410A0011,112,2,24,49.8
66000,中山國小,3408710A0013,112,2,8,29.6
66000,中山國小,3408710A0013,112,2,24,33.1
66000,梧棲衛生所,3409110A0005,112,3,10,110.3
66000,梧棲衛生所,3409110A0005,112,3,24,90.1
66000,霧峰線路中心,3410310A0015,112,3,10,93.3
66000,霧峰線路中心,3410310A0015,112,3,24,52.7
66000,文山國小,3432410A0011,112,3,10,102.2
66000,文山國小,3432410A0011,112,3,24,59
66000,中山國小,3408710A0013,112,3,10,67.3
66000,中山國小,3408710A0013,112,3,24,33.7
66000,梧棲衛生所,3409110A0005,112,4,7,93.4
66000,梧棲衛生所,3409110A0005,112,4,21,47.3
66000,霧峰線路中心,3410310A0015,112,4,7,65.3
66000,霧峰線路中心,3410310A0015,112,4,21,39.6
66000,文山國小,3432410A0011,112,4,7,24.2
66000,文山國小,3432410A0011,112,4,21,43.5
66000,中山國小,3408710A0013,112,4,7,29.1
66000,中山國小,3408710A0013,112,4,21,13.8
66000,梧棲衛生所,3409110A0005,112,5,5,64.5
66000,梧棲衛生所,3409110A0005,112,5,19,30.9
66000,霧峰線路中心,3410310A0015,112,5,5,60.5
66000,霧峰線路中心,3410310A0015,112,5,19,20.5
66000,文山國小,3432410A0011,112,5,5,43.9
66000,文山國小,3432410A0011,112,5,19,24.4
66000,中山國小,3408710A0013,112,5,5,50.1
66000,中山國小,3408710A0013,112,5,19,15.9
66000,梧棲衛生所,3409110A0005,112,6,16,43.9
66000,梧棲衛生所,3409110A0005,112,6,30,54.4
66000,霧峰線路中心,3410310A0015,112,6,16,41.9
66000,霧峰線路中心,3410310A0015,112,6,30,25.4
66000,文山國小,3432410A0011,112,6,16,42.9
66000,文山國小,3432410A0011,112,6,30,31.7
66000,中山國小,3408710A0013,112,6,16,31.2
66000,中山國小,3408710A0013,112,6,30,16.9
66000,梧棲衛生所,3409110A0005,112,7,14,29.8
66000,梧棲衛生所,3409110A0005,112,7,26,63.5
66000,霧峰線路中心,3410310A0015,112,7,14,28.4
66000,霧峰線路中心,3410310A0015,112,7,26,20.4
66000,文山國小,3432410A0011,112,7,14,27.4
66000,文山國小,3432410A0011,112,7,26,21.7
66000,中山國小,3408710A0013,112,7,14,18.1
66000,中山國小,3408710A0013,112,7,26,27.3
66000,梧棲衛生所,3409110A0005,112,8,11,46
66000,梧棲衛生所,3409110A0005,112,8,29,45.9
66000,霧峰線路中心,3410310A0015,112,8,11,22.6
66000,霧峰線路中心,3410310A0015,112,8,29,34.9
66000,文山國小,3432410A0011,112,8,11,25
66000,文山國小,3432410A0011,112,8,29,38.1
66000,中山國小,3408710A0013,112,8,11,13.8
66000,中山國小,3408710A0013,112,8,29,22.7
66000,梧棲衛生所,3409110A0005,112,9,7,33.6
66000,梧棲衛生所,3409110A0005,112,9,20,48.2
66000,霧峰線路中心,3410310A0015,112,9,7,22.6
66000,霧峰線路中心,3410310A0015,112,9,20,47.9
66000,文山國小,3432410A0011,112,9,7,30.1
66000,文山國小,3432410A0011,112,9,20,42.6
66000,中山國小,3408710A0013,112,9,7,18.9
66000,中山國小,3408710A0013,112,9,20,26
66000,梧棲衛生所,3409110A0005,112,10,13,116.2
66000,梧棲衛生所,3409110A0005,112,10,20,84.3
66000,霧峰線路中心,3410310A0015,112,10,13,47.6
66000,霧峰線路中心,3410310A0015,112,10,20,64.2
66000,文山國小,3432410A0011,112,10,13,75.6
66000,文山國小,3432410A0011,112,10,20,65.1
66000,中山國小,3408710A0013,112,10,13,18.4
66000,中山國小,3408710A0013,112,10,20,30
66000,梧棲衛生所,3409110A0005,112,11,3,76.4
66000,梧棲衛生所,3409110A0005,112,11,17,115.8
66000,霧峰線路中心,3410310A0015,112,11,3,70
66000,霧峰線路中心,3410310A0015,112,11,17,72
66000,文山國小,3432410A0011,112,11,3,52.5
66000,文山國小,3432410A0011,112,11,17,84.4
66000,中山國小,3408710A0013,112,11,3,23.5
66000,中山國小,3408710A0013,112,11,17,35
66000,梧棲衛生所,3409110A0005,112,12,8,125.5
66000,梧棲衛生所,3409110A0005,112,12,22,117.8
66000,霧峰線路中心,3410310A0015,112,12,8,91
66000,霧峰線路中心,3410310A0015,112,12,22,50.1
66000,文山國小,3432410A0011,112,12,8,63.8
66000,文山國小,3432410A0011,112,12,22,44.7
66000,中山國小,3408710A0013,112,12,8,43
66000,中山國小,3408710A0013,112,12,22,19.4
66000,梧棲衛生所,3409110A0005,113,1,5,88.9
66000,梧棲衛生所,3409110A0005,113,1,19,61.9
66000,霧峰線路中心,3410310A0015,113,1,5,79.7
66000,霧峰線路中心,3410310A0015,113,1,19,81.6
66000,文山國小,3432410A0011,113,1,5,52.6
66000,文山國小,3432410A0011,113,1,19,71.8
66000,中山國小,3408710A0013,113,1,5,34.4
66000,中山國小,3408710A0013,113,1,19,29.5
66000,梧棲衛生所,3409110A0005,113,2,9,28.3
66000,梧棲衛生所,3409110A0005,113,2,23,63.9
66000,霧峰線路中心,3410310A0015,113,2,9,23.3
66000,霧峰線路中心,3410310A0015,113,2,23,51.5
66000,文山國小,3432410A0011,113,2,9,23.2
66000,文山國小,3432410A0011,113,2,23,47.5
66000,中山國小,3408710A0013,113,2,9,3.9
66000,中山國小,3408710A0013,113,2,23,18.8
66000,梧棲衛生所,3409110A0005,113,3,8,151.5
66000,梧棲衛生所,3409110A0005,113,3,22,103.1
66000,霧峰線路中心,3410310A0015,113,3,8,84.6
66000,霧峰線路中心,3410310A0015,113,3,22,62.9
66000,文山國小,3432410A0011,113,3,8,76.8
66000,文山國小,3432410A0011,113,3,22,85.9
66000,中山國小,3408710A0013,113,3,8,54.5
66000,中山國小,3408710A0013,113,3,22,40.4
66000,梧棲衛生所,3409110A0005,113,4,8,68.1
66000,梧棲衛生所,3409110A0005,113,4,26,113.2
66000,霧峰線路中心,3410310A0015,113,4,8,63
66000,霧峰線路中心,3410310A0015,113,4,26,82.1
66000,文山國小,3432410A0011,113,4,8,55.4
66000,文山國小,3432410A0011,113,4,26,16.3
66000,中山國小,3408710A0013,113,4,8,40
66000,中山國小,3408710A0013,113,4,26,39.6
66000,梧棲衛生所,3409110A0005,113,5,8,78.3
66000,梧棲衛生所,3409110A0005,113,5,24,56.8
66000,霧峰線路中心,3410310A0015,113,5,8,65.1
66000,霧峰線路中心,3410310A0015,113,5,24,46.4
66000,文山國小,3432410A0011,113,5,8,60.5
66000,文山國小,3432410A0011,113,5,24,36.2
66000,中山國小,3408710A0013,113,5,8,51.3
66000,中山國小,3408710A0013,113,5,24,21.7
66000,梧棲衛生所,3409110A0005,113,6,11,46.3
66000,梧棲衛生所,3409110A0005,113,6,26,65.7
66000,霧峰線路中心,3410310A0015,113,6,11,26.2
66000,霧峰線路中心,3410310A0015,113,6,26,67.8
66000,文山國小,3432410A0011,113,6,11,33.9
66000,文山國小,3432410A0011,113,6,26,57.1
66000,中山國小,3408710A0013,113,6,11,12.6
66000,中山國小,3408710A0013,113,6,26,22.9
66000,梧棲衛生所,3409110A0005,113,7,12,44.3
66000,梧棲衛生所,3409110A0005,113,7,22,66.7
66000,霧峰線路中心,3410310A0015,113,7,12,50.7
66000,霧峰線路中心,3410310A0015,113,7,22,57.2
66000,文山國小,3432410A0011,113,7,12,35.7
66000,文山國小,3432410A0011,113,7,22,53.4
66000,中山國小,3408710A0013,113,7,12,24.2
66000,中山國小,3408710A0013,113,7,22,29.9
66000,梧棲衛生所,3409110A0005,113,8,9,49.8
66000,梧棲衛生所,3409110A0005,113,8,23,69.2
66000,霧峰線路中心,3410310A0015,113,8,9,41
66000,霧峰線路中心,3410310A0015,113,8,23,81
66000,文山國小,3432410A0011,113,8,9,40.9
66000,文山國小,3432410A0011,113,8,23,79.4
66000,中山國小,3408710A0013,113,8,9,31.7
66000,中山國小,3408710A0013,113,8,23,27.6
66000,梧棲衛生所,3409110A0005,113,9,6,53.5
66000,梧棲衛生所,3409110A0005,113,9,20,48.5
66000,霧峰線路中心,3410310A0015,113,9,6,28.2
66000,霧峰線路中心,3410310A0015,113,9,20,23.8
66000,文山國小,3432410A0011,113,9,6,38.5
66000,文山國小,3432410A0011,113,9,20,82.5
66000,中山國小,3408710A0013,113,9,6,22.8
66000,中山國小,3408710A0013,113,9,20,24.9
66000,梧棲衛生所,3409110A0005,113,10,11,48
66000,梧棲衛生所,3409110A0005,113,10,25,99
66000,霧峰線路中心,3410310A0015,113,10,11,26.8
66000,霧峰線路中心,3410310A0015,113,10,25,65.1
66000,文山國小,3432410A0011,113,10,11,83
66000,文山國小,3432410A0011,113,10,25,113.9
66000,中山國小,3408710A0013,113,10,11,11.7
66000,中山國小,3408710A0013,113,10,25,58.7
66000,梧棲衛生所,3409110A0005,113,11,8,101.3
66000,梧棲衛生所,3409110A0005,113,11,22,74.3
66000,霧峰線路中心,3410310A0015,113,11,8,48.1
66000,霧峰線路中心,3410310A0015,113,11,22,30.2
66000,文山國小,3432410A0011,113,11,8,40
66000,文山國小,3432410A0011,113,11,22,25.7
66000,中山國小,3408710A0013,113,11,8,23.6
66000,中山國小,3408710A0013,113,11,22,4.8
66000,梧棲衛生所,3409110A0005,113,12,13,135.5
66000,梧棲衛生所,3409110A0005,113,12,23,64.3
66000,霧峰線路中心,3410310A0015,113,12,13,58.4
66000,霧峰線路中心,3410310A0015,113,12,23,66.6
66000,文山國小,3432410A0011,113,12,13,50.5
66000,文山國小,3432410A0011,113,12,23,38.8
66000,中山國小,3408710A0013,113,12,13,31.7
66000,中山國小,3408710A0013,113,12,23,5.6
66000,梧棲衛生所,3409110A0005,114,1,6,130.6
66000,梧棲衛生所,3409110A0005,114,1,21,148.1
66000,霧峰線路中心,3410310A0015,114,1,6,61.7
66000,霧峰線路中心,3410310A0015,114,1,21,60.9
66000,文山國小,3432410A0011,114,1,6,111.9
66000,文山國小,3432410A0011,114,1,21,144.3
66000,中山國小,3408710A0013,114,1,6,35.5
66000,中山國小,3408710A0013,114,1,21,23.1
66000,梧棲衛生所,3409110A0005,114,2,4,87.4
66000,梧棲衛生所,3409110A0005,114,2,19,65
66000,霧峰線路中心,3410310A0015,114,2,4,62.5
66000,霧峰線路中心,3410310A0015,114,2,19,77.6
66000,文山國小,3432410A0011,114,2,4,68.3
66000,文山國小,3432410A0011,114,2,19,75
66000,中山國小,3408710A0013,114,2,4,8.6
66000,中山國小,3408710A0013,114,2,19,36.9
66000,梧棲衛生所,3409110A0005,114,3,5,75.3
66000,梧棲衛生所,3409110A0005,114,3,24,102.7
66000,霧峰線路中心,3410310A0015,114,3,5,52.7
66000,霧峰線路中心,3410310A0015,114,3,24,77.2
66000,文山國小,3432410A0011,114,3,5,106.4
66000,文山國小,3432410A0011,114,3,24,84.1
66000,中山國小,3408710A0013,114,3,5,43.4
66000,中山國小,3408710A0013,114,3,24,47.5
66000,梧棲衛生所,3409110A0005,114,4,10,113.9
66000,梧棲衛生所,3409110A0005,114,4,24,73.4
66000,霧峰線路中心,3410310A0015,114,4,10,70.3
66000,霧峰線路中心,3410310A0015,114,4,24,84.2
66000,文山國小,3432410A0011,114,4,10,36
66000,文山國小,3432410A0011,114,4,24,93.5
66000,中山國小,3408710A0013,114,4,10,54.6
66000,中山國小,3408710A0013,114,4,24,45.3
